{
  "accuracy": 0.5134692818071313,
  "precision": 0.33156532467241273,
  "recall": 0.2974607090218683,
  "f1": 0.3079675567112495,
  "brier": 0.6312422752380371
}