{
  "train_loss": [
    2.542293416868619,
    2.018342927208228,
    1.8231426987618944,
    1.6615348467660096,
    1.5260878231879569,
    1.4157141789358934,
    1.3248440456344488,
    1.24906488382017,
    1.1831844931502429,
    1.125441117549807,
    1.0739771294066032,
    1.0265951679041265,
    0.9829690998893997,
    0.9422017539736932,
    0.903698872575249,
    0.8668816238211484,
    0.8326456035640633,
    0.7992163790813577,
    0.7679164089527809,
    0.73810618547893,
    0.7094047576294215,
    0.6825262411764351,
    0.6570474223368513,
    0.6324425089386055,
    0.6097635811133227,
    0.5878850313230398,
    0.5674695808381884,
    0.5477766574366107,
    0.530019568333765,
    0.5127499541067565,
    0.4963556985213353,
    0.4810791030922952,
    0.466679111883202,
    0.4530962643846702,
    0.4402555920181268,
    0.42763937940420077,
    0.4161668231195083,
    0.4048331775820557,
    0.39429158967658806,
    0.38410051875975715,
    0.37455566659125145,
    0.36564775287894663,
    0.35719614176938347,
    0.34892195253789826,
    0.340932312151695,
    0.3333727035780231,
    0.3261357939010023,
    0.31942307989223284,
    0.3129677508536692,
    0.3066760708515484
  ],
  "val_loss": [
    2.2179887808702365,
    2.041831828786643,
    1.9355654389970307,
    1.868648579093587,
    1.8255073102598638,
    1.7991008978801957,
    1.7792320657201486,
    1.7728500762287183,
    1.7746687632905414,
    1.7879267353292803,
    1.8099660985473682,
    1.8354139362780355,
    1.8709458191931925,
    1.9050000822911193,
    1.9425008706567353,
    1.9848417702524936,
    2.0244851552879792,
    2.075254728187425,
    2.126775011251193,
    2.1760622585611946,
    2.223807448119746,
    2.281283027349067,
    2.326624032937147,
    2.383264935770143,
    2.4411460441360595,
    2.4831012856438637,
    2.54035915470587,
    2.59288378472846,
    2.6484802395250266,
    2.6921518061497225,
    2.7313202273710426,
    2.7774233470279936,
    2.823693111997756,
    2.86979933341473,
    2.9059601189444866,
    2.947391251883978,
    2.9952779913644156,
    3.031518853850651,
    3.0708858271278863,
    3.1051124695634145,
    3.138393487497512,
    3.178061454763675,
    3.2071328673215893,
    3.236117835949074,
    3.26498535463837,
    3.2843214306298107,
    3.322786489607256,
    3.357790819829635,
    3.384123852805535,
    3.4020504816231503
  ],
  "val_metric": [
    0.3440618034409936,
    0.3916411313380762,
    0.42234191395088766,
    0.4467045367730108,
    0.4646601500638687,
    0.4776910074429535,
    0.4892609780669406,
    0.49632562419197357,
    0.5013263525510723,
    0.5030088257074743,
    0.5038389828738362,
    0.505122600536872,
    0.5033103413094964,
    0.5067544253950568,
    0.5054668507854209,
    0.5046264054902755,
    0.5042014345164431,
    0.5022443526181448,
    0.5033119237790038,
    0.5017109626792432,
    0.5012654160757699,
    0.4984742198713015,
    0.49846551488825336,
    0.495776406708181,
    0.495967129351061,
    0.49471200096935664,
    0.49462732344237875,
    0.49294326767156343,
    0.4929472244732577,
    0.4921946225618427,
    0.4924162089148449,
    0.4902248783474803,
    0.4911373393848611,
    0.49151957580877087,
    0.49034991662351585,
    0.4903562473709811,
    0.4889460089141005,
    0.48852024656060833,
    0.4890694642859108,
    0.4892340710136067,
    0.489459614554719,
    0.487533396076731,
    0.48874974685511285,
    0.4892728487135332,
    0.4878269981719686,
    0.4873585011719498,
    0.487919589350637,
    0.4870910149918963,
    0.4859989110615883,
    0.4872674928492047
  ]
}