{
  "mlp": {
    "best_epoch_final": 75,
    "best_val_metric_final": -0.00032354396279616693,
    "best_val_metric_rs": -0.0003694098306651641,
    "test_mse": 0.00031098547333385795,
    "test_mae": 0.004687640524934977,
    "horizon_mse": {
      "1": 0.014819196541793644,
      "5": 3.018854704350815e-05,
      "10": 8.501543533157019e-06,
      "20": 9.563902494846843e-06,
      "30": 9.822406980219966e-06,
      "40": 7.399510863592695e-06,
      "50": 1.1303707537990704e-05
    },
    "spectral_mse": 0.008343899971805513
  },
  "diffusion": {
    "best_epoch_final": 97,
    "best_val_metric_final": -0.0004445876260676111,
    "best_val_metric_rs": -0.005112035568389628,
    "test_mse": 0.00044248679114389233,
    "test_mae": 0.010836093802936375,
    "horizon_mse": {
      "1": 0.015067968401126564,
      "5": 0.00011337147770973388,
      "10": 0.0001264550464838976,
      "20": 0.00014226858820620691,
      "30": 0.0001104493949242169,
      "40": 9.82219032721332e-05,
      "50": 0.00013004379889025586
    },
    "spectral_mse": 0.012984478496946394
  }
}