{
  "mse": 0.0004302595043554902,
  "mae": 0.015728667378425598,
  "rmse": 0.02074269761519678,
  "r2": 0.9974690675735474,
  "spectral_mse": 0.6941465139389038,
  "median_abs_error": 0.012390702962875366,
  "max_abs_error": 0.11237978935241699
}