{
  "train_loss": [
    1.9575870156402881,
    1.4422671500405786,
    1.2226794084219126,
    1.0903249547999372,
    0.9887729449497036,
    0.9198135391695208,
    0.8614344406785741,
    0.784355120969423,
    0.7225283308789483,
    0.6676515803759321,
    0.6181800232164593,
    0.5699625859132056,
    0.5292019356624186,
    0.5037386863419824,
    0.4552430018309335,
    0.4312493153344296,
    0.3922490113279473,
    0.3570823620958209,
    0.3315670945570184,
    0.3043749060793722,
    0.2851430101103227,
    0.270407500579107,
    0.2561531897429897,
    0.23832709024569756,
    0.22984405742515385,
    0.225025299356884,
    0.20946956438095782,
    0.20201241761149602,
    0.19834514421685445,
    0.18723325642649852,
    0.17907034438659183,
    0.17437064122285528,
    0.1719019471222214,
    0.168317469087288,
    0.16362806677072522,
    0.16325926217066772,
    0.15813506602820274,
    0.1536884869822027,
    0.1480060043599233,
    0.14801283750562358,
    0.14406927796675298,
    0.14180512579064128,
    0.14092837716759035,
    0.13654351791855154,
    0.1350077153074462,
    0.13259447742472255,
    0.13148782398930567,
    0.12971729074566266,
    0.12772560392123672,
    0.12718352432821972
  ],
  "val_loss": [
    1.850938091788145,
    1.773190762080868,
    1.8045889825063548,
    1.8609457827464495,
    1.9853006576216587,
    2.1043094050749,
    2.231665821477312,
    2.4387266176059916,
    2.6334673991272863,
    2.758058129098852,
    2.948729090791081,
    3.1746528739867372,
    3.3104644401340084,
    3.415889082310459,
    3.6341081113830764,
    3.765119621394326,
    3.9323280765712743,
    4.103303663541277,
    4.2706596036011435,
    4.4488687522987105,
    4.544899307541561,
    4.699635977103606,
    4.808408908751255,
    4.850818155650382,
    4.911796896732027,
    4.966916946769727,
    4.997290608948595,
    5.067526580062446,
    5.043765525570565,
    5.10464489595237,
    5.17997667661942,
    5.169605607538208,
    5.201698618537989,
    5.179809945908706,
    5.212190164352738,
    5.15651029435317,
    5.161588695872352,
    5.164960848840748,
    5.18178333455585,
    5.2260130135707765,
    5.212085005916305,
    5.1951683297922395,
    5.229408991394785,
    5.192103536627474,
    5.14339334960888,
    5.182184792801472,
    5.184449464034416,
    5.178707784346669,
    5.1552448736404095,
    5.118573732855254
  ],
  "val_metric": [
    0.4551311473405921,
    0.4855177523734311,
    0.5049390006007406,
    0.5138396476810523,
    0.5164899781128962,
    0.5101905961187384,
    0.5050901538742226,
    0.4972467903090064,
    0.49072740472116577,
    0.4885273690741491,
    0.4818354628654121,
    0.4793434079790811,
    0.4730234503552825,
    0.4682450997771475,
    0.4705733389290264,
    0.4626057285157363,
    0.46534865012624854,
    0.4634881166430308,
    0.46324595461208584,
    0.4628565955780314,
    0.46577124691280014,
    0.46223298840623234,
    0.4651088620410746,
    0.4598509358239135,
    0.46339235970421394,
    0.46722342873315176,
    0.4636590546495138,
    0.4689003620870303,
    0.46688471804561643,
    0.4673263080889054,
    0.46678975267966716,
    0.4640389169827466,
    0.4669401148149994,
    0.46629118363899774,
    0.4652584327967472,
    0.46274817680617014,
    0.4679570375327353,
    0.4665539215893954,
    0.46490152095666387,
    0.46722501129926314,
    0.46723450795178284,
    0.4654823934819362,
    0.4659991641581735,
    0.46714033362737933,
    0.4626634988927764,
    0.46442590163631225,
    0.46731364591774716,
    0.46531303813816854,
    0.4629935044040556,
    0.4662191679933662
  ]
}