{
  "accuracy": 0.5212160972953809,
  "precision": 0.35447085107584797,
  "recall": 0.3102378556496766,
  "f1": 0.31755769426709685,
  "brier": 0.626118004322052
}