{
  "mse": 0.17059226334095,
  "mae": 0.33667656779289246,
  "rmse": 0.41302816289080097,
  "r2": -0.003489851951599121,
  "spectral_mse": 256.77496337890625,
  "median_abs_error": 0.292585551738739,
  "max_abs_error": 0.9892370104789734
}